date,beta1,beta2,beta3,lambda,rmse
1993-01-01,6.334424203587728,230.72526507546542,-261.81686740371913,0.0609,0.668173145402581
1993-02-01,6.056151216969458,227.0096230730597,-257.3866657036952,0.0609,0.7020663582862593
1993-03-01,5.628743299530372,204.23138365514987,-230.92273238454322,0.0609,0.6936553573534288
1993-04-01,5.767398414441205,214.4157289393159,-242.7940590327795,0.0609,0.7030733703466536
1993-05-01,5.5974613647182,208.9456756830187,-236.29129135606993,0.0609,0.7317101030713786
1993-06-01,5.783750783901909,193.4947129773029,-219.59896159083928,0.0609,0.631746906690516
1993-07-01,5.55434706455247,187.19868998561913,-212.16915317872005,0.0609,0.6237774276526925
1993-08-01,5.625035272232633,173.050609600542,-196.80325290247256,0.0609,0.5449989810753376
1993-09-01,5.378136853554712,178.68671227365328,-202.14892680478863,0.0609,0.5646665215284129
1993-10-01,5.3101606245422,174.49777530532722,-197.7962106974384,0.0609,0.5534506775272784
1993-11-01,5.489487316330708,166.1175468874732,-188.704942959558,0.0609,0.5049726092739008
1993-12-01,5.7107799565154345,180.68563296139249,-205.29458376116276,0.0609,0.5396429549027728
1994-01-01,5.839967503546828,183.9806451241408,-209.54621271680114,0.0609,0.5353728549416072
1994-02-01,5.681535716001665,180.36751324624493,-205.2267805767346,0.0609,0.5275583446597213
1994-03-01,6.255253337779267,176.28256892831314,-201.2620747135835,0.0609,0.47938075997443597
1994-04-01,6.72247152908572,183.2329248477472,-210.91305367011626,0.0609,0.4333192703121561
1994-05-01,7.06447671927614,149.08122110979,-173.35688827518806,0.0609,0.33837798406517333
1994-06-01,7.1180931852046685,128.45151760938407,-150.63906125920414,0.0609,0.3137316218319662
1994-07-01,7.35834652698665,141.06736228711196,-165.08576564933068,0.0609,0.30477592963402733
1994-08-01,7.112968953307504,127.00005564074536,-148.29555941792066,0.0609,0.3056521926391812
1994-09-01,7.199087329257804,133.8713898599367,-155.07750028759574,0.0609,0.2901224595486608
1994-10-01,7.66992109620557,111.08226858565308,-131.0112169320323,0.0609,0.2668166757211325
1994-11-01,7.8948802168659,116.20075461140964,-136.75511555364747,0.0609,0.2543652858751065
1994-12-01,8.003443839971522,68.73686403036584,-84.08958624371796,0.0609,0.08586428906008449
1995-01-01,7.981184007283424,24.58267821206842,-36.71465003374899,0.0609,0.053053318239506646
1995-02-01,7.732929451296551,47.7272944454408,-58.702910809729,0.0609,0.07108097414374814
1995-03-01,7.292560359986994,60.62670484374884,-71.15690356449235,0.0609,0.16376926045685183
1995-04-01,7.218184787761641,57.427770028585456,-67.38991627352449,0.0609,0.15575686062684138
1995-05-01,7.132321404324347,62.850091676197195,-72.96019840027058,0.0609,0.18208894289367933
1995-06-01,6.212888829070368,50.12859542104116,-56.25016088247554,0.0609,0.2633135031724376
1995-07-01,6.2692497124939655,56.474109163224604,-63.27143323824539,0.0609,0.25049539012773375
1995-08-01,6.544044121526421,72.72917052862867,-82.2715864875273,0.0609,0.2642867196052999
1995-09-01,6.287235337331551,60.4098215948021,-68.61169616612013,0.0609,0.22862666587958963
1995-10-01,6.224930388764209,45.79921514513222,-52.285021160585046,0.0609,0.20551966064618615
1995-11-01,5.9853236689205875,49.397937828126736,-55.29853026350122,0.0609,0.22443427015320797
1995-12-01,5.742035849319574,40.81062715336135,-45.12033328092929,0.0609,0.2445289225928393
1996-01-01,5.62300232592954,40.98158623268278,-46.340946416555774,0.0609,0.227928127762302
1996-02-01,5.603516193669732,71.97937749452103,-79.84685668450109,0.0609,0.3326086159938251
1996-03-01,5.993232983413376,91.32913030522985,-102.59929364068438,0.0609,0.3059864751894084
1996-04-01,6.4001550324010745,85.57818417158653,-97.26374421753009,0.0609,0.24261858588576307
1996-05-01,6.712703638406964,91.47672121161341,-105.40349036862469,0.0609,0.22344567019058492
1996-06-01,6.904961785996593,91.64784309569235,-105.91345048770289,0.0609,0.18085644850507956
1996-07-01,6.754914548835403,83.12158217558152,-95.9057251529887,0.0609,0.17901077618178268
1996-08-01,6.6687275095823475,77.5511439823462,-89.62825372165597,0.0609,0.17379880278121992
1996-09-01,6.999393661356385,89.49774087839279,-103.75982987037162,0.0609,0.1760775441304319
1996-10-01,6.678935231709303,79.76196680565126,-92.71793179884439,0.0609,0.20138775475680457
1996-11-01,6.402778381869068,78.04800099088158,-89.32401326177012,0.0609,0.2284903491518315
1996-12-01,6.114991715799383,58.0294955153416,-66.94338976885852,0.0609,0.20101386527177986
1997-01-01,6.453229990799917,77.05479332160958,-88.30596242070261,0.0609,0.1902931730527365
1997-02-01,6.496174632270724,79.03928596287552,-91.03327452712965,0.0609,0.20639704476646697
1997-03-01,6.660297735374765,79.7535629134189,-91.99986867454489,0.0609,0.17324956384599144
1997-04-01,6.985478523214177,80.4549022665793,-93.85537596127408,0.0609,0.1373134746527134
1997-05-01,6.7789477129953895,63.483459039400685,-75.06172251115247,0.0609,0.14752409495865598
1997-06-01,6.746912836871397,67.00001724942449,-79.45602752981775,0.0609,0.1490050667593374
1997-07-01,6.557634241197655,76.95186524274517,-88.8016959838756,0.0609,0.1564135040858505
1997-08-01,6.283524424376998,58.727869174475266,-67.55376593186999,0.0609,0.1510656703100071
1997-09-01,6.43748944254764,66.24957596216352,-76.50029192529415,0.0609,0.15846253693832377
1997-10-01,6.141741894864555,52.927317207947794,-61.49712304816407,0.0609,0.14796473610313918
1997-11-01,6.016905445394452,45.92447034724335,-52.700782851646316,0.0609,0.14743294159216422
1997-12-01,5.959825753869213,26.95437925943226,-32.03343504958305,0.0609,0.08379710341744283
1998-01-01,5.832581097653861,23.506107337121467,-27.355878010296557,0.0609,0.09131235605372132
1998-02-01,5.63364893364229,31.763893906066027,-35.7756249488047,0.0609,0.16530709008368086
1998-03-01,5.844138172141351,32.95010343235002,-37.99560374206781,0.0609,0.13344545369136912
1998-04-01,5.758745226556419,29.09743963143766,-34.10504826020238,0.0609,0.11235654707488611
1998-05-01,5.801284447250971,21.511658244747785,-26.597604159914287,0.0609,0.11086213719588411
1998-06-01,5.660848223326152,11.86320504678666,-15.33928127363899,0.0609,0.099602278094569
1998-07-01,5.560736281739819,12.307881357179399,-15.325892067029296,0.0609,0.07715699915128792
1998-08-01,5.573685015970581,13.821157232782964,-16.828621976574464,0.0609,0.08304030566700225
1998-09-01,5.1122822072247684,21.06780800538956,-23.47609215477724,0.0609,0.18763788100047313
1998-10-01,4.465572101687128,16.877069755687888,-19.16792280799839,0.0609,0.3062583274225982
1998-11-01,4.804263988378507,47.30596099281141,-51.96617213718628,0.0609,0.3468817102638461
1998-12-01,4.765821123866582,31.591141340405652,-35.14991232252455,0.0609,0.25687892792974687
1999-01-01,4.839345818946785,28.06077278239761,-31.734387184044284,0.0609,0.24127020631360263
1999-02-01,4.938579710809402,34.49465266048666,-38.86493794414815,0.0609,0.22898270855833192
1999-03-01,5.558669555146633,53.020782751452856,-60.732161563418934,0.0609,0.1730343800681538
1999-04-01,5.477609368698306,66.8211973001572,-76.39767541503292,0.0609,0.22456113349185772
1999-05-01,5.512974491585215,60.645823258624404,-69.11669461711362,0.0609,0.2002240760817352
1999-06-01,5.942754632665239,59.35967318969738,-68.99020572108272,0.0609,0.17093846017655104
1999-07-01,5.976754227200935,53.11394498954851,-62.837281091319404,0.0609,0.1804065876675258
1999-08-01,6.090436622553008,72.75456106849522,-83.67803694785496,0.0609,0.17056705142210113
1999-09-01,6.1259821328797335,54.13724113879888,-63.30645388222548,0.0609,0.18476801622791092
1999-10-01,6.181121949023702,71.3558642315569,-82.45016345211361,0.0609,0.18081677187499245
1999-11-01,6.207250908333879,54.11497915844695,-62.79741581019336,0.0609,0.15967663950490976
1999-12-01,6.3317843808273135,33.53550003995776,-40.764712828584635,0.0609,0.1364228711188058
2000-01-01,6.672836328452911,34.1806849549332,-42.04750325918504,0.0609,0.1123631579988113
2000-02-01,6.678785305851316,19.47217905696837,-25.256131433365137,0.0609,0.09187073408996495
2000-03-01,6.501177340718701,6.667642628624557,-10.484116669970907,0.0609,0.14333336992974002
2000-04-01,6.181322747295497,-30.612873586593757,31.472738228381665,0.0609,0.16760809691109307
2000-05-01,6.431310325656978,-14.144966895370546,13.251990318025278,0.0609,0.21814471503422544
2000-06-01,6.341094204751557,-39.729047427304224,39.964433959589094,0.0609,0.17773675429300112
2000-07-01,6.105369177149323,-22.615412668493732,23.81420749207737,0.0609,0.11801172971497284
2000-08-01,6.026034894122242,-27.91326675932002,30.980105358383355,0.0609,0.12306804495230948
2000-09-01,5.833491286223235,-36.85295446695334,41.52801329346498,0.0609,0.10211263853377048
2000-10-01,5.913895396224967,-20.17733780870444,23.26821388294629,0.0609,0.09638152526310356
2000-11-01,5.785488329777699,-27.187073865068168,31.817127834828494,0.0609,0.07441152087481061
2000-12-01,5.545966949146985,-29.10577470590485,34.324362547340975,0.0609,0.11071222469464569
2001-01-01,5.183843102555082,-0.5945729796857306,3.8130518232245634,0.0609,0.194514380522106
2001-02-01,5.067271705332236,58.244041519571866,-62.8293058230937,0.0609,0.2981208792675751
2001-03-01,4.9238369358878975,54.04762095832512,-58.398018853970285,0.0609,0.2934479712508514
2001-04-01,5.026707180207622,90.77225933562207,-101.07046644059137,0.0609,0.370347598635791
2001-05-01,5.2889173723107525,124.14291964437646,-139.42061831323113,0.0609,0.40770113876147207
2001-06-01,5.335693420750887,149.97493983001024,-168.4899242303892,0.0609,0.40645479846160276
2001-07-01,5.120392249407947,5.206583066627494,-14.64299416690515,0.0609,0.5040574795118576
2001-08-01,4.840842681893444,5.4196537112089604,-14.153170498585162,0.0609,0.5346065193663803
2001-09-01,4.660463947554958,4.9778228056072935,-13.564879278701008,0.0609,0.5368906149483296
2001-10-01,4.2625223134968335,6.3840797990396325,-18.714137570792644,0.0609,0.7694279933889823
2001-11-01,3.9044314457619014,7.351680487642735,-19.570628334705518,0.0609,0.7304384310522991
2001-12-01,4.3549614974999535,8.924245962562672,-25.17943705971887,0.0609,0.801444297221088
2002-01-01,4.648564825124865,9.107003108816738,-27.10801009094598,0.0609,0.8117235426932319
2002-02-01,4.6108302807777175,8.75727591015229,-26.29594594718312,0.0609,0.7726964975121231
2002-03-01,4.695745557926277,9.136176712081406,-26.991917840825337,0.0609,0.7623145084775252
2002-04-01,5.178795002682614,9.419802427501718,-29.164279494233863,0.0609,0.6898992862549145
2002-05-01,4.749687782358866,9.229118974034499,-27.416985404638325,0.0609,0.7727911664684263
2002-06-01,4.722419912336831,8.94646444531142,-26.933155756362158,0.0609,0.7871741172574528
2002-07-01,4.485297287687602,9.111325608225714,-26.45114673530639,0.0609,0.8574928915275091
2002-08-01,4.000002377689292,8.66636852537855,-23.978135974655274,0.0609,0.9977390779213092
2002-09-01,3.751642445729356,7.685327987435809,-21.304090299349927,0.0609,0.8950061840406659
2002-10-01,3.4079482564951196,7.290123651580536,-19.62722040826891,0.0609,0.9415088383920519
2002-11-01,3.587808622881164,8.19936597394695,-22.585289488871446,0.0609,1.03243866360082
2002-12-01,3.8340805801575097,8.926035577829294,-25.41344552195617,0.0609,0.936957660043588
2003-01-01,3.4037754132010325,7.985428350315466,-22.381109565084316,0.0609,0.9960916314353109
2003-02-01,3.552875897464775,8.41907503250842,-23.839405035027767,0.0609,0.9717002414045697
2003-03-01,3.2783006133239976,7.770365623950601,-21.551363079826928,0.0609,0.9847426805525794
2003-04-01,3.382138848461579,8.712569942401462,-23.76235867238661,0.0609,1.0394225597140723
2003-05-01,3.38871300247978,8.337394222568863,-23.36218367586284,0.0609,1.017079576518651
2003-06-01,3.015929454165352,7.3805886230843045,-20.02894726215093,0.0609,0.9696086830683933
2003-07-01,3.1315363119189596,8.062456385859214,-22.65885059894191,0.0609,1.014371167271347
2003-08-01,3.9224956306046344,9.946718926506062,-28.809629130987872,0.0609,1.075564717626948
2003-09-01,3.9260482063244004,9.955027760249637,-28.60129639722067,0.0609,1.0113587673838933
2003-10-01,3.4312493362358087,8.60119439350909,-24.717060428645787,0.0609,1.049300619532178
2003-11-01,3.8574004442879897,9.831455933935347,-28.171197663859864,0.0609,1.012757880336313
2003-12-01,3.9426091505532326,9.852921412422754,-28.54346509210368,0.0609,0.9491211752237911
2004-01-01,3.754574624278143,9.381360828859012,-27.216081210472897,0.0609,1.0011234625177232
2004-02-01,3.6952541775381116,9.016200628528678,-26.43786548776357,0.0609,0.9700328273215257
2004-03-01,3.511632809438216,8.859731977922578,-25.17385632629414,0.0609,0.972881106512353
2004-04-01,3.44598795744385,8.725772995486052,-24.77217835895548,0.0609,0.9698495478543836
2004-05-01,4.102614612056191,8.990970954306402,-27.933554298471577,0.0609,0.9064758403118557
2004-06-01,4.304660921326479,8.620885212657313,-27.46342592288225,0.0609,0.8505367292108983
2004-07-01,4.219065141055162,7.604836887937809,-25.153712500853135,0.0609,0.7783401178843897
2004-08-01,4.141940940412975,6.996181590159228,-22.819446923014674,0.0609,0.7600929998272158
2004-09-01,3.821305405764471,6.451268790518879,-20.187572396595318,0.0609,0.7592360155806376
2004-10-01,3.934080233476259,5.862678902729705,-19.176210539297127,0.0609,0.7008909561343477
2004-11-01,3.8423226788913705,4.989331189905077,-16.30395995870217,0.0609,0.6675742873362301
2004-12-01,4.1376527132079275,5.285223561189338,-16.945236730828544,0.0609,0.6118112432457332
2005-01-01,4.040685865337124,3.4389503780938844,-13.419573955657,0.0609,0.5125450722813888
2005-02-01,4.018073515571288,2.96068967928828,-11.633147880009295,0.0609,0.40034726927789166
2005-03-01,4.248545196223043,3.1845829940031356,-11.74905550325458,0.0609,0.34402875004671174
2005-04-01,4.3495824074622345,3.2525692838115163,-11.855385710936318,0.0609,0.3051321538705831
2005-05-01,4.125978837785007,1.9726779930032972,-8.627204748866875,0.0609,0.2796154058559239
2005-06-01,3.873085097714127,1.6945611963607943,-6.862644445491133,0.0609,0.2468398952364527
2005-07-01,4.030424629450728,1.389520941262048,-6.054085465316789,0.0609,0.17839839489975093
2005-08-01,4.2988867421279116,0.9953659844836267,-5.28250806408713,0.0609,0.14282749030279715
2005-09-01,4.005758956353404,0.78799033275817,-3.7127858215650993,0.0609,0.16490184752569484
2005-10-01,4.418115049868979,-0.4596699559418612,-3.258192594151073,0.0609,0.11855375596825399
2005-11-01,4.60390237470639,0.3179643908375661,-3.4252351728786694,0.0609,0.10909144991764977
2005-12-01,4.583682270573718,0.8442966025985348,-3.630927902241317,0.0609,0.10177839977823092
2006-01-01,4.455020503292315,-0.08801747988999659,-1.3779627069137304,0.0609,0.07409599535463104
2006-02-01,4.611538791232267,-0.5388053137695952,0.03690489527874119,0.0609,0.07208133123382802
2006-03-01,4.654624175163393,-0.9974587922007307,1.1512413140772821,0.0609,0.06352930450213069
2006-04-01,4.914911846659322,0.1110190914815958,-1.0925128652208005,0.0609,0.06163839338012149
2006-05-01,5.113897061362861,-0.34867864187675507,-1.074824234916759,0.0609,0.11464838635173294
2006-06-01,5.134979715558462,-0.07621327123435466,-1.187795119263681,0.0609,0.08521562697847224
2006-07-01,5.19116254088796,-1.9796962229211545,1.9723380404883233,0.0609,0.07441826078562316
2006-08-01,4.996588574991561,-0.0973131904123745,0.8730121313382601,0.0609,0.08548244385139325
2006-09-01,4.776630814921798,-0.6204738544399138,2.155861505800175,0.0609,0.10382823883166171
2006-10-01,4.665449767303934,-1.81398186331324,3.3965988882419773,0.0609,0.11129536273897933
2006-11-01,4.612022410350896,-0.7984332141558876,3.4627952572035015,0.0609,0.1144467648797712
2006-12-01,4.476284209040482,-0.7704148610604205,3.9427933305563174,0.0609,0.1245834990417731
2007-01-01,4.772887384599905,-2.0052795591286308,3.6650678290614715,0.0609,0.08641291229579008
2007-02-01,4.901752295165031,-1.3025739286169562,2.7335456073757114,0.0609,0.07097125893226383
2007-03-01,4.595099855760313,-0.9127015500225671,3.9458838051682483,0.0609,0.11623199200125084
2007-04-01,4.668992116840683,-0.6468292790207643,2.7488754764711274,0.0609,0.1437341366168744
2007-05-01,4.672030301889664,-1.7121835388830566,3.2562649981659897,0.0609,0.12644992533817717
2007-06-01,5.005497543995271,0.10469347291974467,-0.9124382206421563,0.0609,0.06669411846667342
2007-07-01,4.981272885838243,-1.631821692717394,1.5787552283100863,0.0609,0.09136024885961003
2007-08-01,4.72358491991562,0.2653799081002145,0.6190427350920649,0.0609,0.142972866944577
2007-09-01,4.479767036870658,1.1398101605655342,-3.7043642389470093,0.0609,0.2134202885276135
2007-10-01,4.441186137828397,-0.4366413554759136,-2.3307813498989343,0.0609,0.2361362485342708
2007-11-01,4.2317316320215355,1.6811739865436233,-4.269456212619623,0.0609,0.2672645613370302
2007-12-01,3.650137868903752,3.9509190219326222,-7.718580974812394,0.0609,0.4422261556450672
2008-01-01,3.779746212544361,-0.8056465313918575,-1.954141214479111,0.0609,0.4389499558746123
2008-02-01,3.246102659169214,2.945685562270592,-10.570371123933043,0.0609,0.6765215602446893
2008-03-01,3.08749881365966,6.492233709728975,-15.834814950440775,0.0609,0.8296697702933178
2008-04-01,3.173809125104101,6.729218069588544,-18.080265214546888,0.0609,0.7872000054720703
2008-05-01,3.5041280778185064,5.145703374027073,-17.36236167218604,0.0609,0.6389224896907192
2008-06-01,3.6988201503398974,6.330053940890276,-17.805478223820035,0.0609,0.6427950475300338
2008-07-01,3.728489705459197,5.617579709050129,-16.66025741197862,0.0609,0.5605674656247595
2008-08-01,3.674228326531548,5.3655339967365965,-17.364788808222173,0.0609,0.6024639008747718
2008-09-01,3.527652444122029,5.045054427826117,-15.889253674231492,0.0609,0.6072228169485409
2008-10-01,3.3091485054152026,5.461173741300711,-19.258715720994743,0.0609,0.6891030485131548
2008-11-01,3.2673737870955133,6.53258615877157,-22.669246319591547,0.0609,0.908961969471825
2008-12-01,2.2881264902134677,6.353540661503932,-19.368662961720215,0.0609,0.7109407298358102
2009-01-01,1.929145965890413,5.870153586816316,-17.151398583942015,0.0609,0.6424119910966258
2009-02-01,2.3478204716649484,6.700843575379787,-19.84550232405971,0.0609,0.8190295592287246
2009-03-01,2.50143416242588,6.838074346426231,-20.698133119162197,0.0609,0.8467340774680931
2009-04-01,2.2985978556187714,6.592788569794944,-19.518115238407738,0.0609,0.7982571993445366
2009-05-01,2.711252659097425,8.137562943616764,-24.207524677162006,0.0609,0.9551114657065954
2009-06-01,3.0954635359496283,9.983700223336276,-28.721609006565302,0.0609,1.074715464842835
2009-07-01,3.005278656996667,9.250158152216201,-27.049108755642855,0.0609,0.9850836620921097
2009-08-01,3.108486068169286,9.71834538063477,-28.2009885902509,0.0609,0.9927331149244505
2009-09-01,2.834196475885825,8.964047694705064,-26.09571039180187,0.0609,0.9773382910847207
2009-10-01,2.6852445496325488,8.629684861217873,-25.133032723955008,0.0609,0.9358811560670418
2009-11-01,2.8700978051743875,9.399467803871964,-27.202934324994132,0.0609,1.0033795450832672
2009-12-01,2.674684301703303,9.33537960582157,-26.20515026779961,0.0609,1.064032244653406
2010-01-01,3.2136636503527405,10.3946980653628,-30.200864146098464,0.0609,1.0559924667917828
2010-02-01,2.986381084387806,9.898291727167575,-28.4524284064879,0.0609,1.105679353658182
2010-03-01,2.928379831958796,9.759459915568684,-27.8567553086164,0.0609,1.1174767826462764
2010-04-01,3.1805666448459786,10.444878864220954,-29.762379034814263,0.0609,1.1047620208606743
2010-05-01,3.0373871017913494,9.77737139521283,-28.098079149783164,0.0609,1.0521180948719253
2010-06-01,2.6865673338858533,8.81848497081929,-25.110889793866228,0.0609,1.006795755873225
2010-07-01,2.403989624803166,7.988886021666039,-22.530085761784896,0.0609,0.9571372706507868
2010-08-01,2.38611347859749,8.091741426977867,-22.724476483715296,0.0609,1.0360459111717606
2010-09-01,2.093467113557721,7.262232384354865,-20.11713508616085,0.0609,0.9174825150525655
2010-10-01,2.038898290479546,6.99407120771811,-19.45978578469094,0.0609,0.9633618620950366
2010-11-01,2.1006163529920276,7.545409702989158,-20.72843648331517,0.0609,1.0845016283308626
2010-12-01,2.4223741749499568,8.397879520508868,-23.315652369668637,0.0609,1.0837761010349545
2011-01-01,2.6845719985377685,9.06779579052,-25.66292157814679,0.0609,1.1142690768361292
2011-02-01,2.7724837487930136,9.684881753853388,-26.94076219953381,0.0609,1.1808950408499865
2011-03-01,2.7556328412286684,9.262696681894322,-26.403117389047004,0.0609,1.121829948170537
2011-04-01,2.8436432557643023,9.56359915850153,-27.41012758208934,0.0609,1.0841447265567332
2011-05-01,2.6481355594087534,9.229652534696465,-26.149877890644778,0.0609,1.1115973949875013
2011-06-01,2.35173532415142,8.384266531555541,-23.493778495992498,0.0609,1.0828515281065942
2011-07-01,2.562198215846057,9.119844535864202,-25.6867236289632,0.0609,1.1425430309775235
2011-08-01,2.1912903444518337,7.9126621032742515,-21.759794482630035,0.0609,1.0858533308776328
2011-09-01,1.7236112503147898,6.5078386177232925,-17.920238764344866,0.0609,0.9672191972135975
2011-10-01,1.4610438273927446,5.27827608721461,-14.774562770657841,0.0609,0.7335356842085428
2011-11-01,1.5802634147251182,5.816238177088949,-16.18254021696148,0.0609,0.8095345679073553
2011-12-01,1.6602117020905172,6.1500765944865625,-17.042989439842582,0.0609,0.8361433547153172
2012-01-01,1.4975033693618442,5.440311308195544,-15.199921935367023,0.0609,0.7719767275192858
2012-02-01,1.4869809911480347,5.392470772833724,-14.935366750612875,0.0609,0.8187139876411631
2012-03-01,1.6296540621830287,5.721563969541004,-15.969202190660203,0.0609,0.8312814561004808
2012-04-01,1.773224365642568,6.1342345559672555,-17.295389612888698,0.0609,0.878962585585832
2012-05-01,1.5893672397693481,5.507169765552076,-15.432009562502698,0.0609,0.8368277997130485
2012-06-01,1.2237566445084094,4.086183646800969,-11.676950403763813,0.0609,0.6536891801522422
2012-07-01,1.33076026893201,4.367816664599977,-12.463932094756156,0.0609,0.6914057895261937
2012-08-01,1.275476500569644,4.309815502143163,-12.131247816886999,0.0609,0.6867795171824665
2012-09-01,1.281747212152718,4.496809957573857,-12.433463721435938,0.0609,0.7145301957725676
2012-10-01,1.3437400774707637,4.551912462975463,-12.882718840825815,0.0609,0.7488733364007625
2012-11-01,1.4343235174876607,4.8544625622449695,-13.722795683807608,0.0609,0.7549824097125242
2012-12-01,1.341924976677803,4.8165211226606415,-13.098285294665994,0.0609,0.7367480895050043
2013-01-01,1.4476938693097876,5.042678488384003,-14.255410384827233,0.0609,0.7800712331499264
2013-02-01,1.6286901232822173,5.697875357122053,-16.090615951018073,0.0609,0.8557275289019325
2013-03-01,1.5023701012647186,5.22685051052096,-14.608358177333939,0.0609,0.8229278382697751
2013-04-01,1.5094576352579663,5.379266015127525,-14.952552674006794,0.0609,0.8294673346610186
2013-05-01,1.351959083302318,4.845078350249446,-13.522603697061351,0.0609,0.7650932090808965
2013-06-01,1.7204331612040964,6.152040193799548,-17.215741940053977,0.0609,0.8581592558262973
2013-07-01,1.9811080064440663,6.978202373849956,-19.713649494786818,0.0609,0.9047671495262549
2013-08-01,2.1488339275167307,7.722544523533644,-21.635701206616087,0.0609,0.9982983029819004
2013-09-01,2.1956855665014476,7.922038238899008,-22.168488059901012,0.0609,0.9639053434521296
2013-10-01,2.094365516971586,8.063348159824054,-21.81377018053807,0.0609,0.985843044930823
2013-11-01,2.0673644501223265,7.5158086048992345,-20.937994479951527,0.0609,0.9851410574691433
2013-12-01,2.1664487482395045,7.768482715640748,-21.7795453898787,0.0609,1.044762900638249
2014-01-01,2.355379823681838,8.244894274527205,-23.344490552917403,0.0609,1.05261577420054
2014-02-01,2.0395244866947926,7.402318944425398,-20.597125594130357,0.0609,0.9455756574411088
2014-03-01,2.0438483108837238,7.365145611584206,-20.543868063025176,0.0609,0.9354640643926168
2014-04-01,2.2117529490064545,7.829465466918881,-22.05231741173159,0.0609,0.9147388423770355
2014-05-01,2.0949636377024263,7.492713212978813,-21.02706269466306,0.0609,0.8687868831164682
2014-06-01,2.0399533741622378,7.328572947739304,-20.46520996858491,0.0609,0.8575760946512772
2014-07-01,2.0901633827538335,7.477443646535883,-20.95149537029491,0.0609,0.8453517543311101
2014-08-01,2.055403893378614,7.196452889293884,-20.376906535384723,0.0609,0.8089994825747429
2014-09-01,1.9465768909150845,6.841696467883536,-19.311428521705164,0.0609,0.7498584434405097
2014-10-01,2.0011649780796805,7.011194867117678,-19.848853004530266,0.0609,0.7496288413959431
2014-11-01,1.9516765939381708,6.83161410757113,-19.27997525970447,0.0609,0.731304850167276
2014-12-01,1.8478826498803003,6.310994357058108,-18.023417539534524,0.0609,0.6984911510455071
2015-01-01,1.863235042027439,5.996226502048688,-17.430551482367733,0.0609,0.5869654596274011
2015-02-01,1.4529937093612295,4.815293077061344,-13.895230818659147,0.0609,0.5030386834716042
2015-03-01,1.8073443171409012,5.965770666731534,-17.216345058786466,0.0609,0.5788773399330841
2015-04-01,1.6054423027746665,5.128016559511308,-14.968042472493954,0.0609,0.5346202030569437
2015-05-01,1.822190760213476,6.097066505390294,-17.577462850874742,0.0609,0.6265788201268211
2015-06-01,1.8920581683525504,6.336003660448859,-18.193201659128338,0.0609,0.653385295552518
2015-07-01,2.0735639887540427,6.822204872058755,-19.756348314813646,0.0609,0.7104725966706866
2015-08-01,1.8516114184156471,5.656834806501459,-16.757296537397313,0.0609,0.6104602067273128
2015-09-01,1.8883903491617995,5.618431141762403,-16.89119895353315,0.0609,0.6088260535933395
2015-10-01,1.7736582129283474,5.8262073143203414,-16.911850241244295,0.0609,0.6107778275452939
2015-11-01,1.9186998636106987,5.485260926664382,-16.741687923449756,0.0609,0.6022274299610307
2015-12-01,1.9354431865663813,5.197458903911599,-15.652531422074302,0.0609,0.5462098913879948
2016-01-01,2.083614836798527,5.304373657023053,-16.54152516276147,0.0609,0.5239568037588725
2016-02-01,1.7523890471393693,4.012507838809664,-12.804176333836017,0.0609,0.5450331549340697
2016-03-01,1.703444628184173,4.004643651371,-12.294714345048359,0.0609,0.49102780761494913
2016-04-01,1.6354744588070937,4.111286317131076,-12.569949287097272,0.0609,0.4903977797422835
2016-05-01,1.7087443957051534,4.072095384677612,-13.051385501566926,0.0609,0.5140931542694896
2016-06-01,1.7281088118740549,4.0520953446496195,-12.540197864428384,0.0609,0.44840229309023616
2016-07-01,1.3315530245041756,3.310413656967105,-9.893297343379807,0.0609,0.43798284020091177
2016-08-01,1.3826901609649933,3.1082781970150695,-9.82945950471139,0.0609,0.41860349128164176
2016-09-01,1.4681311743473267,3.1944115221534846,-10.048168642144118,0.0609,0.38392979649859976
2016-10-01,1.5188367180035418,3.2914950584017815,-10.471623201891168,0.0609,0.4120405249501089
2016-11-01,1.6707766845380603,3.6250311027149755,-11.64237893182064,0.0609,0.4710850365241165
2016-12-01,2.2056054816735773,4.787344943914084,-15.358694295676015,0.0609,0.5402201516818509
2017-01-01,2.2098948336608695,5.067815170683378,-15.4892329463646,0.0609,0.5179492646495737
2017-02-01,2.225826907226154,5.317377480404863,-15.806812165212023,0.0609,0.520500075596533
2017-03-01,2.250474572171753,4.300538858181669,-14.128842819470144,0.0609,0.4928228764013236
2017-04-01,2.1520733314694103,4.095562668925593,-12.487848959793505,0.0609,0.4741221624264283
2017-05-01,2.1513389465711357,3.4597753586621653,-11.504550501907834,0.0609,0.4648560076383614
2017-06-01,2.0615970344676686,2.896845747620708,-9.631664408463335,0.0609,0.43086682797370707
2017-07-01,2.1729260327779376,3.2442383686201817,-10.183102586064205,0.0609,0.3996594742415605
2017-08-01,2.0939595856758526,3.091765791067692,-9.491177261054462,0.0609,0.41625038976250894
2017-09-01,2.0312469416757186,3.0095811866935556,-9.26496395957767,0.0609,0.3860981468232956
2017-10-01,2.195127054863266,3.13993951476377,-10.112091853795746,0.0609,0.3705321886575274
2017-11-01,2.240269997007364,2.6758347703184002,-9.01947536544772,0.0609,0.33278595874807965
2017-12-01,2.2941436078317445,2.1923610377542273,-8.036938318473862,0.0609,0.25418695555556453
2018-01-01,2.339400799247677,2.0671864429320093,-7.480030276673247,0.0609,0.21956999177467493
2018-02-01,2.674014326830655,2.898483957910572,-9.732248134017254,0.0609,0.235549883469529
2018-03-01,2.7219661705992264,2.1964020472234136,-8.281353075403743,0.0609,0.2255480075615351
2018-04-01,2.6570029578106995,1.9481132351899655,-6.977325286729342,0.0609,0.1890565238616383
2018-05-01,2.8965605502434606,1.8344406949912115,-7.588450880016272,0.0609,0.168345482776133
2018-06-01,2.824545877725499,1.4381126251328622,-6.396189532318097,0.0609,0.15015596453706712
2018-07-01,2.8250293936377657,1.6547972651816363,-6.258502376257192,0.0609,0.11742382079851243
2018-08-01,2.9585584649135535,1.7084187750982336,-6.714620787227991,0.0609,0.12276188750984685
2018-09-01,2.8420422497554383,0.9480851317200949,-4.826629895081223,0.0609,0.1008492425868082
2018-10-01,3.061671645661383,1.493248588278344,-5.980377977935002,0.0609,0.1145690555895828
2018-11-01,3.1131835958497445,1.4037481747473826,-5.714077789072646,0.0609,0.1422414661035265
2018-12-01,3.0010558818031243,0.9365407888325555,-4.154912404686435,0.0609,0.11860839629518558
2019-01-01,2.6849338016763866,0.44442935258821525,-1.6708512061617724,0.0609,0.15150688619488045
2019-02-01,2.69612909855919,0.8311320675279997,-2.5302936237042055,0.0609,0.1457929815839848
2019-03-01,2.757655320206765,0.8906632767590222,-2.747730318788212,0.0609,0.16403381332593353
2019-04-01,2.497945426865111,0.3329085410838428,-0.8822746419160223,0.0609,0.16777345041429115
2019-05-01,2.50713915888159,0.4536297300947832,-1.136423253630839,0.0609,0.18045487480848016
2019-06-01,2.047241327044146,-0.23801530077301639,1.5287572830788645,0.0609,0.22226945106207008
2019-07-01,2.013842800366572,0.0885114814090294,0.391502063819613,0.0609,0.23740420760132785
2019-08-01,1.9153411730891454,0.24068731512064184,0.22935275036625918,0.0609,0.2249454821298154
2019-09-01,1.5671710610499068,-0.18221300018047654,2.1737839486154216,0.0609,0.1711978363849778
2019-10-01,1.6996379289610326,-0.16514171671821834,0.6259730191467069,0.0609,0.17592187436404416
2019-11-01,1.76227010807045,1.1503472454830643,-2.764927819165818,0.0609,0.19377248867739766
2019-12-01,1.85620944282448,0.9986416887416228,-2.7316176429120818,0.0609,0.19584885323354567
2020-01-01,1.912993288330418,0.9862244348509587,-3.311647992741649,0.0609,0.2286890757865312
2020-02-01,1.560172312104641,0.32265392180417396,-0.5916469454903526,0.0609,0.19807867614061883
2020-03-01,1.1105132512409417,2.10578732749547,-2.8853219041578186,0.0609,0.24597725421685449
2020-04-01,0.636599034448612,1.6295867122368868,-5.103542601248652,0.0609,0.2907921194941371
2020-05-01,0.6318066519713027,1.8498132743875317,-5.2557299512377655,0.0609,0.298145154955033
2020-06-01,0.664871945715985,1.9239043466226449,-5.437479194136874,0.0609,0.3745519799499893
2020-07-01,0.6658679349897143,1.9454462917342257,-5.480599364606042,0.0609,0.36449203877710545
2020-08-01,0.5421440842924133,1.7158611644635733,-4.733074630986711,0.0609,0.32287502674087754
2020-09-01,0.6350533292725914,1.9582493160153576,-5.4991984876364315,0.0609,0.38157521345410594
2020-10-01,0.6499525122845542,2.189698924370713,-5.983268943407117,0.0609,0.3846700852724952
2020-11-01,0.7805809017761206,2.6389254269996876,-7.265807360449007,0.0609,0.4264310857110362
2020-12-01,0.8154453878407898,2.71102165796911,-7.585885556446584,0.0609,0.43415546106002245
2021-01-01,0.7881014757069481,2.735033464277814,-7.501659790600675,0.0609,0.4475320207595035
2021-02-01,0.8935269896269477,3.2024289472850493,-8.799409553790428,0.0609,0.512087754824583
2021-03-01,1.1822302257613921,4.250814473084931,-11.838846736234162,0.0609,0.618985520957383
2021-04-01,1.3318006125710138,4.925986157335346,-13.642308689966402,0.0609,0.6449127208428594
2021-05-01,1.2824636594168506,4.676682419617313,-13.007241479462325,0.0609,0.6344855733964075
2021-06-01,1.2787700869164649,4.730625074979375,-13.130549028923413,0.0609,0.6435203156566952
2021-07-01,1.2308828100447622,4.391763313007169,-12.202535515450233,0.0609,0.5378478798922434
2021-08-01,1.0201461405305268,3.6723186396081124,-10.143075759432941,0.0609,0.4951470724805848
2021-09-01,1.1052084097848687,3.9045902971141295,-10.900288979522834,0.0609,0.5007441321612611
2021-10-01,1.2378519455434942,4.556003877210079,-12.432559736531012,0.0609,0.5240159141752972
2021-11-01,1.3837462559161327,4.615702078126057,-13.148642944855165,0.0609,0.4569183974267555
2021-12-01,1.3050034062405282,4.17552489463965,-11.930635872637525,0.0609,0.37170834327457225
2022-01-01,1.5254034129934007,4.164891197587861,-12.808204471907448,0.0609,0.37151980239868454
2022-02-01,1.775965801804443,3.3195021139419056,-12.138584416869753,0.0609,0.27910517774341304
2022-03-01,1.7663033710543905,2.5871149634611945,-10.500711614655629,0.0609,0.24619533374791694
2022-04-01,2.5755742121095713,2.029645198860679,-12.12773029037226,0.0609,0.16057446839689193
2022-05-01,3.0839386605594012,2.093953839221944,-13.09043893588938,0.0609,0.1587085881059028
2022-06-01,3.0359800889246005,2.157227908921294,-11.804575734211959,0.0609,0.1647275649492373
2022-07-01,3.061161910332351,-0.690291569377147,-4.891215197363278,0.0609,0.1284583406011658
2022-08-01,2.844387871868303,-1.9217369157367419,1.4247517858127914,0.0609,0.16427029931146822
2022-09-01,3.4764241524153325,-1.7840084362434776,0.06712077836100616,0.0609,0.11536224353145084
2022-10-01,3.9379062442063715,-2.960446380133668,1.8380506896880016,0.0609,0.16612912326093504
2022-11-01,4.328528288691951,-3.3709750995843337,4.1810377279900806,0.0609,0.19105820278919272
2022-12-01,3.8190535929640923,-4.113999557688208,8.399459771045347,0.0609,0.28593045751401147
2023-01-01,4.106827876637642,-3.5066467021867003,6.558692910295067,0.0609,0.22356383571882835
2023-02-01,3.6297604949502635,-3.949774160538668,10.634126871067355,0.0609,0.29255850098283526
2023-03-01,4.303699965885224,-4.0442060816067915,8.766315708789906,0.0609,0.30155768325330323
2023-04-01,3.637540477004809,-4.434013862001988,11.909300579198254,0.0609,0.24617818675271075
2023-05-01,3.782065408951242,-7.155156017610894,15.797252777316851,0.0609,0.2565629330973669
2023-06-01,3.8535392823431365,-5.479604669109627,15.173954074742305,0.0609,0.3140483281689983
2023-07-01,4.21355917043267,-5.1022882193731,13.110723754402425,0.0609,0.3740813267468268
2023-08-01,4.322398537446779,-4.081508324856187,11.596525448671889,0.0609,0.3006523153735137
2023-09-01,4.412260119623608,-3.391790426642433,10.077597459805245,0.0609,0.25160387489597147
2023-10-01,4.845647007479675,-2.473113030292962,7.0569804765698665,0.0609,0.17645104467245715
2023-11-01,4.852729021639632,-1.8173197909025312,5.815734083448466,0.0609,0.17068225950876334
2023-12-01,4.33134156069747,-2.224214971178382,8.32350041500195,0.0609,0.19929458706364292
2024-01-01,3.978807013687602,-2.5538066227050167,10.319372530512018,0.0609,0.2048648915039442
2024-02-01,3.9531193612100703,-2.7649881706940356,10.440456880309036,0.0609,0.18722008003983115
2024-03-01,4.289127174012814,-2.137197031088791,8.275980861451142,0.0609,0.16158207017489357
2024-04-01,4.447165334751961,-2.309967482338118,7.881611751329536,0.0609,0.1605549290422654
2024-05-01,4.736267713883522,-1.9020651076341246,6.05983130969845,0.0609,0.13187855425624612
2024-06-01,4.527710733685003,-2.545720135452032,8.050518161421339,0.0609,0.1526664599980311
2024-07-01,4.569152312995755,-2.102201837662752,7.0467619786332305,0.0609,0.14856236959183286
2024-08-01,4.025516907676216,-1.7843635493204604,8.570493116034783,0.0609,0.19385661469965992
2024-09-01,3.8995181400209833,-1.3584875443101876,7.734182021507479,0.0609,0.20524514501855126
2024-10-01,3.705115043267785,-0.15960555465325482,4.625607230028686,0.0609,0.2209164171640731
2024-11-01,4.346166819504558,0.7681543886311862,-0.031178260218526904,0.0609,0.15341371540671528
2024-12-01,4.207604999551604,0.6016218596173951,0.7382107136684816,0.0609,0.11234035865358027
2025-01-01,4.506728983545877,1.33196952679018,-2.8287920926411085,0.0609,0.19393459820347103
2025-02-01,4.49380559233168,1.1263155251898906,-2.5101753031521787,0.0609,0.1765923993706683
2025-03-01,4.137129738230301,0.11632987109866076,0.62865752309338,0.0609,0.1837383179682669
2025-04-01,4.1229751970696515,0.5033855110369714,-0.04007583501721541,0.0609,0.230943787741565
2025-05-01,4.13310725409821,0.876136417838781,-0.7629284813860008,0.0609,0.3492284190932434
2025-06-01,4.3600220732887705,0.43691094943525244,-0.8848807134642884,0.0609,0.3557243966451705
2025-07-01,4.167570057835093,0.13459950582023855,0.30238212617709004,0.0609,0.34503379722557054
2025-08-01,4.122117093778119,1.364789761812164,-1.2537292530482156,0.0609,0.3783722473362956
2025-09-01,4.110173945008947,1.9325057129167607,-2.5441129774195153,0.0609,0.43494032879842615
2025-10-01,4.021975584305374,2.1422199078245185,-3.4560373965804043,0.0609,0.3839403107702167
2025-11-01,4.0456306115417675,1.7488050585929629,-3.1826887660455694,0.0609,0.35488848102726567
2025-12-01,4.032546748114773,2.2707964414841992,-4.395298609337127,0.0609,0.3836825242653329
2026-01-01,4.081047928684279,2.5459561802741058,-5.888301618127747,0.0609,0.4212349401346206
2026-02-01,4.1682164388391705,2.5561554260098283,-6.273066673293985,0.0609,0.4145905194332159
2026-03-01,3.9798581557295916,1.7093710063543865,-3.9855898558107654,0.0609,0.3858838111304636
2026-04-01,4.290176135679546,2.4318500430522505,-6.4028658382933274,0.0609,0.35128922405763935
2026-05-01,4.352901019919245,2.53482646025954,-6.914174473106719,0.0609,0.3465700585535823
2026-06-01,4.456565359480049,2.142732894161079,-6.501451907615119,0.0609,0.3051130118393153
