,recession_probability
1993-03-31,0.01600428709921987
1993-04-30,0.010179015725505258
1993-05-31,0.0011317980625130861
1993-06-30,0.0018647563185543322
1993-07-31,0.0012032359556558717
1993-08-31,0.009267103080439052
1993-09-30,0.0058389624055633525
1993-10-31,0.004479434382042288
1993-11-30,0.002735398848545309
1993-12-31,0.0044014244358058585
1994-01-31,0.012598942027538583
1994-02-28,0.0027665767525780144
1994-03-31,0.0022063272502411413
1994-04-30,0.0006605491660246005
1994-05-31,0.002617335022628841
1994-06-30,0.00811127635537725
1994-07-31,0.04947158960179536
1994-08-31,0.01920622792979835
1994-09-30,0.03736921328779304
1994-10-31,0.023517445284086412
1994-11-30,0.005286365764201926
1994-12-31,0.01572237260523583
1995-01-31,0.03574206889831604
1995-02-28,0.19319353948131618
1995-03-31,0.24534780985012888
1995-04-30,0.08885474119471193
1995-05-31,0.15536026251581164
1995-06-30,0.13570796504531685
1995-07-31,0.05978188008883648
1995-08-31,0.02826434904446712
1995-09-30,0.017502749311991098
1995-10-31,0.06525431671706956
1995-11-30,0.05406361057448606
1995-12-31,0.06878398943904657
1996-01-31,0.1356369671286466
1996-02-29,0.09372103725260944
1996-03-31,0.022542340445494247
1996-04-30,0.009022892032566924
1996-05-31,0.03221621826007163
1996-06-30,0.13674639699104169
1996-07-31,0.07916881187102387
1996-08-31,0.20771056035289637
1996-09-30,0.24489296782829223
1996-10-31,0.15078916635471123
1996-11-30,0.1555296969275426
1996-12-31,0.0679770341702068
1997-01-31,0.08259243647542214
1997-02-28,0.04177249008574187
1997-03-31,0.045230870126592826
1997-04-30,0.05842780603803439
1997-05-31,0.17563573321716147
1997-06-30,0.18356641355217507
1997-07-31,0.2031230129544026
1997-08-31,0.18483606853289802
1997-09-30,0.1494069269229596
1997-10-31,0.20487211966441332
1997-11-30,0.17289139900899447
1997-12-31,0.12094658526792917
1998-01-31,0.235672306166827
1998-02-28,0.1598260941739898
1998-03-31,0.08502798448713844
1998-04-30,0.18585227244687763
1998-05-31,0.20120483268060957
1998-06-30,0.129097458289055
1998-07-31,0.18136700684597995
1998-08-31,0.37102976290766704
1998-09-30,0.5357874870001945
1998-10-31,0.7261217789295833
1998-11-30,0.3481514391177351
1998-12-31,0.09126332968501638
1999-01-31,0.21846372347735243
1999-02-28,0.09980405263334058
1999-03-31,0.2425099295293981
1999-04-30,0.24061989463183991
1999-05-31,0.25867981477503144
1999-06-30,0.1938503707996409
1999-07-31,0.24050059882005936
1999-08-31,0.32672061658174567
1999-09-30,0.38138645792195397
1999-10-31,0.3464549399484982
1999-11-30,0.2723390405286076
1999-12-31,0.33228704764525707
2000-01-31,0.10546656055260067
2000-02-29,0.09005752410727907
2000-03-31,0.14879219398554638
2000-04-30,0.3008274557506251
2000-05-31,0.28681413782483467
2000-06-30,0.3026016077764668
2000-07-31,0.43032521362495185
2000-08-31,0.23881571380450817
2000-09-30,0.36784634204974725
2000-10-31,0.301876353990654
2000-11-30,0.4446508625800252
2000-12-31,0.5881900326606063
2001-01-31,0.8186748521682328
2001-02-28,0.6013563751524333
2001-03-31,0.41773420945931333
2001-04-30,0.4771976141873939
2001-05-31,0.5257399632621607
2001-06-30,0.2820958101873139
2001-07-31,0.3425414794260335
2001-08-31,0.25561539012107415
2001-09-30,0.6192485839431716
2001-10-31,0.4538433404728929
2001-11-30,0.317742359277515
2001-12-31,0.06398073009532058
2002-01-31,0.02851031887312019
2002-02-28,0.10821014985295035
2002-03-31,0.05354645964325078
2002-04-30,0.04185134437558467
2002-05-31,0.18928709806921784
2002-06-30,0.2192082568948931
2002-07-31,0.35155080150030227
2002-08-31,0.2975126808701227
2002-09-30,0.28960081692463363
2002-10-31,0.2022615003433058
2002-11-30,0.08100174253972514
2002-12-31,0.07652862698317812
2003-01-31,0.09392640641742905
2003-02-28,0.09143601024548859
2003-03-31,0.10197394997231346
2003-04-30,0.06912349835076892
2003-05-31,0.028261340032730346
2003-06-30,0.04752034841984863
2003-07-31,0.03826882307378963
2003-08-31,0.013512542147101205
2003-09-30,0.03646913052569324
2003-10-31,0.05370661438960106
2003-11-30,0.04615206712987445
2003-12-31,0.07154996021901577
2004-01-31,0.12113310498957192
2004-02-29,0.11540201449779969
2004-03-31,0.09611323065980681
2004-04-30,0.04665200051985074
2004-05-31,0.015127609216668779
2004-06-30,0.018264934727362795
2004-07-31,0.09383504791810698
2004-08-31,0.14479513306115788
2004-09-30,0.08517081814727018
2004-10-31,0.049838914547788174
2004-11-30,0.03535995786678529
2004-12-31,0.03752946427434378
2005-01-31,0.027558056723082265
2005-02-28,0.015006879276261544
2005-03-31,0.03228122390853522
2005-04-30,0.042073669123360205
2005-05-31,0.07986008791301163
2005-06-30,0.09793274104962846
2005-07-31,0.052999372129654575
2005-08-31,0.05341354672683782
2005-09-30,0.05029253919699449
2005-10-31,0.05090361280612899
2005-11-30,0.02563607272111761
2005-12-31,0.047692963939013025
2006-01-31,0.07387855497134502
2006-02-28,0.03256378501743646
2006-03-31,0.04721512553305629
2006-04-30,0.09209226615560212
2006-05-31,0.08817593846648147
2006-06-30,0.08264848000414604
2006-07-31,0.0952507479677509
2006-08-31,0.10115056083380924
2006-09-30,0.20734475587410056
2006-10-31,0.13733459449333751
2006-11-30,0.10097650130715735
2006-12-31,0.10547506452223476
2007-01-31,0.06534451093343493
2007-02-28,0.0780276350260653
2007-03-31,0.20265756062335555
2007-04-30,0.24083300158761528
2007-05-31,0.13486607805664363
2007-06-30,0.18481666439547983
2007-07-31,0.16784797541228164
2007-08-31,0.5703621994751562
2007-09-30,0.6106641442957047
2007-10-31,0.40585356763879143
2007-11-30,0.5343556388922561
2007-12-31,0.43070638335425504
2008-01-31,0.7110985194042393
2008-02-29,0.7522259321105793
2008-03-31,0.6183982335040743
2008-04-30,0.17759057911505333
2008-05-31,0.013810018175640119
2008-06-30,0.022284864183527733
2008-07-31,0.047338545839510277
2008-08-31,0.03486007588864266
2008-09-30,0.14908194620663223
2008-10-31,0.28615900972695424
2008-11-30,0.1564304721122894
2008-12-31,0.007700566638685936
2009-01-31,0.002026785478308475
2009-02-28,9.309014741766158e-05
2009-03-31,1.7577280872583066e-05
2009-04-30,1.8141183845354374e-05
2009-05-31,1.7313473578371152e-06
2009-06-30,2.0568179809172256e-07
2009-07-31,2.6966695837045053e-07
2009-08-31,1.7328251643252788e-06
2009-09-30,5.2591496456442276e-08
2009-10-31,4.0935726575200034e-07
2009-11-30,3.071110659399408e-07
2009-12-31,7.093969236977757e-08
2010-01-31,3.961164768909369e-07
2010-02-28,3.369361545649179e-07
2010-03-31,2.548213447530237e-07
2010-04-30,5.6484316017979e-08
2010-05-31,3.487527514463716e-07
2010-06-30,1.334200659018452e-06
2010-07-31,2.025003789463839e-06
2010-08-31,1.9452302018161254e-07
2010-09-30,3.964887538027459e-07
2010-10-31,2.356501501346557e-06
2010-11-30,1.0784424988273482e-07
2010-12-31,4.612435988902882e-07
2011-01-31,5.559348895359598e-06
2011-02-28,2.181418732440134e-06
2011-03-31,4.348728000269742e-06
2011-04-30,1.3835950089957495e-05
2011-05-31,2.2997879133475633e-05
2011-06-30,3.130686666754856e-05
2011-07-31,2.0864705385201833e-05
2011-08-31,3.6018425039923394e-06
2011-09-30,5.068288761074894e-07
2011-10-31,3.9943518518463835e-06
2011-11-30,6.139013204834819e-06
2011-12-31,1.1354049673027561e-05
2012-01-31,3.3120055169890454e-05
2012-02-29,2.7043507199842962e-05
2012-03-31,6.557469056539205e-05
2012-04-30,5.030520153390039e-05
2012-05-31,2.2690165369689054e-05
2012-06-30,2.4567406005873504e-05
2012-07-31,1.6949852096167266e-05
2012-08-31,4.9653365522825766e-05
2012-09-30,0.00021026997749331612
2012-10-31,0.0001799459410891775
2012-11-30,0.00027292518340146066
2012-12-31,0.0002403626613914629
2013-01-31,0.00030953387898955445
2013-02-28,0.0006172232212692722
2013-03-31,0.0012909442440585356
2013-04-30,0.0005862422036786784
2013-05-31,0.0017779746337986235
2013-06-30,0.0015009319943097804
2013-07-31,0.0031283704283249884
2013-08-31,0.0030790173089744214
2013-09-30,0.004850358458703036
2013-10-31,0.003861143904122485
2013-11-30,0.018359142205649312
2013-12-31,0.015385913419289987
2014-01-31,0.011731107330395885
2014-02-28,0.007157806527182944
2014-03-31,0.004328734509021448
2014-04-30,0.01165038300561209
2014-05-31,0.006900772662303278
2014-06-30,0.009156114709809534
2014-07-31,0.005295629409872924
2014-08-31,0.0050567534270948115
2014-09-30,0.01277583858889665
2014-10-31,0.02005351199561224
2014-11-30,0.016941834176004453
2014-12-31,0.011370329691049988
2015-01-31,0.013542158169083919
2015-02-28,0.028676199772702245
2015-03-31,0.04859502714960918
2015-04-30,0.046516310280367366
2015-05-31,0.04840127155797096
2015-06-30,0.0781232733022097
2015-07-31,0.08042162044832657
2015-08-31,0.11289883738596868
2015-09-30,0.12509102341035683
2015-10-31,0.13005483734247453
2015-11-30,0.060086375406882865
2015-12-31,0.0558503514103068
2016-01-31,0.15875588000366458
2016-02-29,0.11649975177213384
2016-03-31,0.14761942352174556
2016-04-30,0.08643905021143383
2016-05-31,0.12639768900489418
2016-06-30,0.10822668020353882
2016-07-31,0.11328230126122185
2016-08-31,0.08541412226291173
2016-09-30,0.07134166946614538
2016-10-31,0.12504730824056182
2016-11-30,0.16693292573960689
2016-12-31,0.16247843666875245
2017-01-31,0.17932148056520347
2017-02-28,0.21701798194147864
2017-03-31,0.2578972379558348
2017-04-30,0.2402540065952608
2017-05-31,0.23649819592899113
2017-06-30,0.21120107925862064
2017-07-31,0.2376649493492382
2017-08-31,0.18449763626028703
2017-09-30,0.2135870572805475
2017-10-31,0.186910058387731
2017-11-30,0.11202127764235636
2017-12-31,0.14230170129449593
2018-01-31,0.1716051067258884
2018-02-28,0.1553456892361793
2018-03-31,0.1880946536738191
2018-04-30,0.17657036651301944
2018-05-31,0.2821640599593868
2018-06-30,0.20301256704734333
2018-07-31,0.3050997508290004
2018-08-31,0.3063147739612357
2018-09-30,0.31494699168962065
2018-10-31,0.33590222283462234
2018-11-30,0.3466127424628229
2018-12-31,0.4134404796274954
2019-01-31,0.43897067241465826
2019-02-28,0.42934484047484084
2019-03-31,0.3562198782592356
2019-04-30,0.4621274890338657
2019-05-31,0.506562650662877
2019-06-30,0.6032770494706783
2019-07-31,0.42143067607937046
2019-08-31,0.2974200805653012
2019-09-30,0.39872415774976305
2019-10-31,0.44038350663214904
2019-11-30,0.3750723734437853
2019-12-31,0.4625213961219442
2020-01-31,0.4885596466389611
2020-02-29,0.6849096282404742
2020-03-31,0.7195026608299557
2020-04-30,5.594714960385461e-22
2020-05-31,4.338803764855074e-19
2020-06-30,1.6612439870450359e-12
2020-07-31,1.1601122067594968e-10
2020-08-31,5.038595991276614e-06
2020-09-30,3.794328828360909e-05
2020-10-31,0.0015427102056633907
2020-11-30,0.0022238046869123068
2020-12-31,0.0031947060359967827
2021-01-31,0.011934200934950399
2021-02-28,0.020714289262819305
2021-03-31,0.02783714418674411
2021-04-30,0.01975693806727476
2021-05-31,0.04211270555791275
2021-06-30,0.01398552160309655
2021-07-31,0.03798763370550233
2021-08-31,0.06369951749146148
2021-09-30,0.1315099798564211
2021-10-31,0.10373426852201911
2021-11-30,0.14654312108865503
2021-12-31,0.1841510750270785
2022-01-31,0.10813932134038018
2022-02-28,0.1314797945875787
2022-03-31,0.0946684245986566
2022-04-30,0.13790938479436954
2022-05-31,0.24732201435063972
2022-06-30,0.3490448655175068
2022-07-31,0.36512899331867116
2022-08-31,0.16401184400967544
2022-09-30,0.1347600165032875
2022-10-31,0.05798273505112755
2022-11-30,0.09945905834322355
2022-12-31,0.3495666313474212
2023-01-31,0.46326533799589525
2023-02-28,0.16537929345706814
2023-03-31,0.3121922077324
2023-04-30,0.3526371331271569
2023-05-31,0.394543523810715
2023-06-30,0.042127662934821376
2023-07-31,0.07300101551676888
2023-08-31,0.15412396115306076
2023-09-30,0.34658044789627096
2023-10-31,0.24927040119877042
2023-11-30,0.429451527493235
2023-12-31,0.5061178752143548
2024-01-31,0.4929967372734709
2024-02-29,0.20211922571740426
2024-03-31,0.16011261089671458
2024-04-30,0.11671443004920717
2024-05-31,0.14823386367792435
2024-06-30,0.18388179057510234
2024-07-31,0.2930251963523059
2024-08-31,0.46357725326815846
2024-09-30,0.5446967990423939
2024-10-31,0.21959539169879466
2024-11-30,0.10995833791306758
2024-12-31,0.2543441470547755
2025-01-31,0.38460921292418027
2025-02-28,0.27374727255540565
2025-03-31,0.3699658246104688
2025-04-30,0.46240816574125215
2025-05-31,0.30688236991801876
2025-06-30,0.29873589701324893
2025-07-31,0.23227929337913694
2025-08-31,0.4401524427285252
2025-09-30,0.3088590925551904
2025-11-30,0.19791736975631163
2025-12-31,0.31392066112976014
2026-01-31,0.3396824779734392
2026-02-28,0.28188482853799124
2026-03-31,0.17308677324897798
2026-04-30,0.17136701625628714
2026-05-31,0.1469569827447691
2026-06-30,0.09873805666271657
